{"batch/loss": 2.4964911937713623, "batch/accuracy": 0.3780199885368347, "batch/batch_step": 3999, "batch/learning_rate": 0.0003000000142492354, "_timestamp": 1680928834.6473286, "_runtime": 185.27519369125366, "_step": 4007, "epoch/loss": 2.4964911937713623, "epoch/accuracy": 0.3780199885368347, "epoch/val_loss": 2.7201449871063232, "epoch/val_accuracy": 0.33730000257492065, "epoch/epoch": 7, "epoch/learning_rate": 0.0003000000142492354, "_wandb": {"runtime": 184}}